{"cameraMode":{"drawMode":0,"name":"Shaded","section":"Shading Mode"},"sceneLighting":true,"audioPlay":false,"sceneViewState":{"showFog":true,"showMaterialUpdate":false,"showSkybox":true,"showFlares":true,"showImageEffects":true,"showParticleSystems":false},"in2DMode":false,"pivot":{"x":0.6053879857063294,"y":-3.947355270385742,"z":1.163672924041748},"rotation":{"x":-0.5194635987281799,"y":0.019782066345214845,"z":-0.012057249434292317,"w":-0.8543334603309631},"size":7.718311309814453,"orthographic":false}