{"cameraMode":{"drawMode":0,"name":"Shaded","section":"Shading Mode"},"sceneLighting":true,"audioPlay":false,"sceneViewState":{"showFog":true,"showMaterialUpdate":false,"showSkybox":true,"showFlares":true,"showImageEffects":true,"showParticleSystems":false},"in2DMode":false,"pivot":{"x":0.3395155668258667,"y":-18.66564178466797,"z":32.7781982421875},"rotation":{"x":0.2696070373058319,"y":-0.010110968723893166,"z":0.0028309838380664589,"w":0.9629141688346863},"size":25.18372344970703,"orthographic":false}