{"cameraMode":{"drawMode":0,"name":"Shaded","section":"Shading Mode"},"sceneLighting":true,"audioPlay":false,"sceneViewState":{"showFog":true,"showMaterialUpdate":false,"showSkybox":true,"showFlares":true,"showImageEffects":true,"showParticleSystems":false},"in2DMode":false,"pivot":{"x":-0.005000114440917969,"y":0.03499990701675415,"z":-0.03000020980834961},"rotation":{"x":0.5471861958503723,"y":-0.002511216327548027,"z":0.001641355687752366,"w":0.8370084166526794},"size":8.97675609588623,"orthographic":true}