{"cameraMode":{"drawMode":0,"name":"Shaded","section":"Shading Mode"},"sceneLighting":true,"audioPlay":false,"sceneViewState":{"showFog":true,"showMaterialUpdate":false,"showSkybox":true,"showFlares":true,"showImageEffects":true,"showParticleSystems":false},"in2DMode":false,"pivot":{"x":-5.101081848144531,"y":-4.307557582855225,"z":2.3234400749206545},"rotation":{"x":-0.3126431107521057,"y":-0.011961324140429497,"z":0.0039364127442240719,"w":-0.9497895836830139},"size":6.813494682312012,"orthographic":false}