{"cameraMode":{"drawMode":0,"name":"Shaded","section":"Shading Mode"},"sceneLighting":false,"audioPlay":false,"sceneViewState":{"showFog":true,"showMaterialUpdate":false,"showSkybox":false,"showFlares":true,"showImageEffects":true,"showParticleSystems":false},"in2DMode":false,"pivot":{"x":394.3827209472656,"y":521.2999267578125,"z":1.7186640501022339},"rotation":{"x":0.04348335787653923,"y":-0.01198845636099577,"z":0.0005215537967160344,"w":0.9989851117134094},"size":10.0,"orthographic":true}